INÍCIO DA OPERAÇÃO,PRIMEIRA MONTAGEM,ULTIMA MONTAGEM,DURAÇÃO DA MONTAGEM,PRIMEIRA CONFERENCIA,ULTIMA CONFERENCIA,DURAÇÃO DA CONFERENCIA,PRIMEIRO EMPILHAMENTO,ULTIMO EMPILHAMENTO,DURAÇÃO DO EMPILHAMENTO,data_operacao
2026-09-09 19:02:45.758373,2026-09-09 19:29:39.138783,2026-09-09 22:32:45.202056,03:03:06,2026-09-09 19:39:45.030183,2026-09-09 22:58:59.058537,03:19:14,2026-09-09 20:10:26.836669,2026-09-09 22:56:31.970447,02:46:05,2026-09-09
2026-09-25 18:40:04.142047,2026-09-25 18:47:09.885735,2026-09-25 21:32:58.680160,02:45:48,2026-09-25 19:00:27.735060,2026-09-25 21:39:50.493290,02:39:22,2026-09-25 19:58:04.574545,2026-09-25 21:41:12.019484,01:43:07,2026-09-25
2026-08-25 19:33:42.709096,2026-08-25 19:35:50.987860,2026-08-25 19:49:42.870070,00:13:51,2026-08-25 19:36:58.918563,2026-08-25 20:06:05.764930,00:29:06,2026-08-25 20:02:45.525769,2026-08-25 20:04:04.526587,00:01:19,2026-08-25
2026-08-26 21:13:21.504900,,,,,,,,,,2026-08-26
2026-08-27 19:15:04.397644,2026-08-27 19:28:33.339708,2026-08-27 21:31:33.660721,02:03:00,2026-08-27 19:48:47.994734,2026-08-27 21:41:16.355509,01:52:28,2026-08-27 20:10:27.968717,2026-08-27 21:40:25.534263,01:29:57,2026-08-27
2026-09-10 20:03:53.446039,2026-09-10 20:11:46.010452,2026-09-10 23:28:18.837035,03:16:32,2026-09-10 20:34:03.574255,2026-09-10 23:30:15.351082,02:56:11,2026-09-10 20:43:57.990676,2026-09-10 23:32:22.138376,02:48:24,2026-09-10
2026-08-28 20:28:41.802337,2026-08-28 20:32:57.494190,2026-08-28 21:30:08.769262,00:57:11,2026-08-28 20:54:57.613396,2026-08-28 21:34:25.023784,00:39:27,2026-08-28 21:28:47.719999,2026-08-28 21:39:00.373643,00:10:12,2026-08-28
2026-09-28 19:33:13.723787,2026-09-28 19:38:34.124469,2026-09-28 23:07:32.095096,03:28:57,2026-09-28 19:58:47.749937,2026-09-28 23:21:12.533157,03:22:24,2026-09-28 20:05:47.561426,2026-09-28 23:33:12.236683,03:27:24,2026-09-28
2026-09-14 19:09:01.211102,2026-09-14 19:42:55.252142,2026-09-14 22:18:53.430699,02:35:58,2026-09-14 20:22:24.104661,2026-09-14 22:32:19.136871,02:09:55,2026-09-14 20:30:01.103885,2026-09-14 22:58:10.476130,02:28:09,2026-09-14
2026-08-31 23:02:15.931656,2026-08-31 23:38:08.482425,2026-09-01 20:54:54.876422,21:16:46,2026-09-01 00:28:01.406761,2026-09-01 22:38:26.719341,22:10:25,2026-09-01 00:43:23.181469,2026-09-01 22:39:03.787778,21:55:40,2026-08-31
2026-09-15 19:15:07.525306,2026-09-15 19:43:20.015187,2026-09-15 22:51:04.984326,03:07:44,2026-09-15 20:25:05.978244,2026-09-15 22:53:33.815606,02:28:27,2026-09-15 20:40:09.310461,2026-09-15 22:55:41.880161,02:15:32,2026-09-15
2026-09-02 19:44:34.227277,2026-09-02 21:55:25.362379,2026-09-02 23:51:18.041199,01:55:52,2026-09-02 22:19:48.672893,2026-09-02 23:56:24.821332,01:36:36,2026-09-02 22:52:06.093976,2026-09-03 00:03:35.689162,01:11:29,2026-09-02
2026-09-29 19:55:36.996660,2026-09-29 20:03:56.641269,2026-09-29 23:43:21.448037,03:39:24,2026-09-29 20:44:19.424339,2026-09-29 23:55:32.190482,03:11:12,2026-09-29 20:53:58.524331,2026-09-29 23:56:17.404113,03:02:18,2026-09-29
2026-09-16 19:25:03.491385,2026-09-16 19:51:59.723925,2026-09-16 23:02:23.124859,03:10:23,2026-09-16 20:40:56.917139,2026-09-16 23:17:30.578875,02:36:33,2026-09-16 20:53:42.826368,2026-09-16 23:22:46.858816,02:29:04,2026-09-16
2026-09-03 19:58:58.408952,2026-09-03 20:21:28.876975,2026-09-03 23:48:19.779764,03:26:50,2026-09-03 21:02:24.887346,2026-09-04 00:38:14.789059,03:35:49,2026-09-03 21:58:04.429195,2026-09-04 00:37:21.172137,02:39:16,2026-09-03
2026-09-17 19:11:23.663567,2026-09-17 19:22:40.543813,2026-09-17 22:28:44.003299,03:06:03,2026-09-17 19:50:33.954292,2026-09-17 22:47:05.231114,02:56:31,2026-09-17 19:56:18.205498,2026-09-17 22:51:02.435801,02:54:44,2026-09-17
2026-09-18 18:19:23.896474,2026-09-18 18:25:26.438851,2026-09-18 20:47:50.589611,02:22:24,2026-09-18 19:23:40.565711,2026-09-18 21:17:00.868844,01:53:20,2026-09-18 19:53:23.305418,2026-09-18 21:18:30.520253,01:25:07,2026-09-18
2026-09-04 19:26:07.141293,2026-09-04 19:45:45.151635,2026-09-04 20:50:05.180986,01:04:20,2026-09-04 20:39:45.735381,2026-09-04 21:13:49.693999,00:34:03,2026-09-04 21:01:04.076655,2026-09-04 21:27:32.395322,00:26:28,2026-09-04
2026-09-08 19:13:48.834558,2026-09-08 19:41:01.988201,2026-09-08 21:54:33.627457,02:13:31,2026-09-08 19:56:37.192512,2026-09-08 22:13:28.789247,02:16:51,2026-09-08 20:37:22.085473,2026-09-08 22:12:42.823681,01:35:20,2026-09-08
2026-09-21 19:03:52.984974,2026-09-21 19:06:02.179286,2026-09-21 21:55:12.586916,02:49:10,2026-09-21 19:37:07.105939,2026-09-21 22:08:36.689733,02:31:29,2026-09-21 19:44:09.184478,2026-09-21 22:08:53.069179,02:24:43,2026-09-21
2026-09-22 19:00:28.126670,2026-09-22 19:07:02.937353,2026-09-22 22:26:56.159027,03:19:53,2026-09-22 19:59:12.149085,2026-09-22 22:46:32.311744,02:47:20,2026-09-22 20:05:54.367299,2026-09-22 22:35:53.322041,02:29:58,2026-09-22
2026-09-23 10:54:17.045389,2026-09-23 10:54:57.800446,2026-09-23 11:27:47.577429,00:32:49,2026-09-23 11:24:25.867703,2026-09-23 11:35:25.946379,00:11:00,2026-09-23 11:31:37.343898,2026-09-23 11:32:11.597035,00:00:34,2026-09-23
2026-09-23 19:34:56.798196,2026-09-23 19:37:14.824547,2026-09-23 23:24:37.074581,03:47:22,2026-09-23 19:50:50.213413,2026-09-23 23:52:57.851074,04:02:07,2026-09-23 20:05:26.235260,2026-09-23 23:43:50.282379,03:38:24,2026-09-23
2026-09-24 11:07:12.203681,2026-09-24 11:14:46.450968,2026-09-24 11:51:32.522152,00:36:46,2026-09-24 11:35:46.569447,2026-09-24 19:47:15.890183,08:11:29,2026-09-24 11:58:47.889217,2026-09-24 19:46:56.978095,07:48:09,2026-09-24
2026-09-24 19:41:07.355133,2026-09-24 19:50:55.724717,2026-09-24 23:35:02.678615,03:44:06,2026-09-24 20:34:15.873391,2026-09-24 23:37:45.365424,03:03:29,2026-09-24 20:40:16.705751,2026-09-24 23:42:22.959180,03:02:06,2026-09-24
2026-09-25 11:06:15.762549,2026-09-25 11:12:14.044466,2026-09-25 11:51:12.628249,00:38:58,2026-09-25 11:46:46.002034,2026-09-25 11:54:11.155945,00:07:25,2026-09-25 11:52:48.655288,2026-09-25 11:53:32.209124,00:00:43,2026-09-25
