delivery_date,caixas_corretas,caixas_erradas
2026-08-25,179.0,57
2026-08-27,551.0,3
2026-08-31,6365.0,28
2026-09-01,129.0,17
2026-09-09,2578.0,6
2026-09-10,2162.0,6
2026-09-14,1786.0,23
2026-09-15,2678.0,2
2026-09-16,2683.0,5
2026-09-17,3545.0,1
2026-09-18,1164.0,2
2026-09-21,2162.0,9
2026-09-22,3950.0,41
2026-09-23,4942.0,7
2026-09-24,7815.0,5
2026-09-25,2852.0,7
2026-09-28,4258.0,40
2026-09-29,4824.0,32
2026-10-02,1145.0,2
2026-10-05,3586.0,23
2026-10-06,2174.0,4
2026-10-07,3675.0,21
2026-10-08,4017.0,44
2026-09-03,2357.0,0
2026-09-02,926.0,0
2026-09-08,2424.0,0
2026-09-04,473.0,0
2026-08-28,260.0,0
