INÍCIO DA OPERAÇÃO,INÍCIO DO INTERVALO,FIM DO INTERVALO,FIM DA OPERAÇÃO,ULTIMO EMPILHAMENTO,DURAÇÃO,data_operacao
2026-09-09 19:08:00,,,2026-09-09 22:59:06.454710,2026-09-09 22:56:31.970447,03:51:06,2026-09-09
2026-09-25 18:36:00,,,2026-09-25 21:29:00.000000,2026-09-25 21:41:12.019484,02:53:00,2026-09-25
2026-09-10 10:29:00,,,2026-09-10 11:33:00.000000,,01:04:00,2026-09-10
2026-09-28 18:41:00,,,2026-09-28 18:41:00.000000,,00:00:00,2026-09-28
2026-09-10 17:47:00,,,2026-09-10 19:27:00.000000,,01:40:00,2026-09-10
2026-08-25 19:21:00,,,2026-08-25 19:57:00.000000,2026-08-25 20:04:04.526587,00:36:00,2026-08-25
2026-08-26 15:04:00,,,2026-08-26 22:10:00.000000,,07:06:00,2026-08-26
2026-08-27 19:07:00,,,2026-08-27 21:41:25.095208,2026-08-27 21:40:25.534263,02:34:25,2026-08-27
2026-09-10 19:28:00,,,2026-09-10 23:32:32.184553,2026-09-10 23:32:22.138376,04:04:32,2026-09-10
2026-08-28 19:33:00,,,2026-08-28 21:40:09.136267,2026-08-28 21:39:00.373643,02:07:09,2026-08-28
2026-09-11 09:45:00,,,2026-09-11 18:52:00.000000,,09:07:00,2026-09-11
2026-09-11 18:53:00,,,2026-09-14 18:55:00.000000,,00:02:00,2026-09-11
2026-09-28 19:37:00,,,2026-09-28 23:33:20.039150,2026-09-28 23:33:12.236683,03:56:20,2026-09-28
2026-09-14 18:56:00,,,2026-09-14 22:58:49.414609,2026-09-14 22:58:10.476130,04:02:49,2026-09-14
2026-08-31 22:31:00,,,2026-09-01 22:40:05.416618,2026-09-01 22:39:03.787778,00:09:05,2026-08-31
2026-09-15 18:02:00,,,2026-09-15 22:55:50.426445,2026-09-15 22:55:41.880161,04:53:50,2026-09-15
2026-08-31 20:06:00,,,2026-09-02 20:07:00.000000,,00:01:00,2026-08-31
2026-09-02 20:09:00,,,2026-09-02 23:59:00.000000,2026-09-03 00:03:35.689162,03:50:00,2026-09-02
2026-09-16 11:30:00,,,2026-09-16 12:10:00.000000,,00:40:00,2026-09-16
2026-09-29 19:23:00,,,2026-09-29 23:40:00.000000,2026-09-29 23:56:17.404113,04:17:00,2026-09-29
2026-09-16 17:04:00,,,2026-09-16 23:23:05.411501,2026-09-16 23:22:46.858816,06:19:05,2026-09-16
2026-09-03 19:44:00,,,2026-09-03 20:47:00.000000,2026-09-04 00:37:21.172137,01:03:00,2026-09-03
2026-09-17 19:30:00,,,2026-09-17 22:40:00.000000,2026-09-17 22:51:02.435801,03:10:00,2026-09-17
2026-09-03 03:33:00,,,2026-09-03 18:30:00.000000,,14:57:00,2026-09-03
2026-09-03 18:31:00,,,2026-09-03 18:43:00.000000,,00:12:00,2026-09-03
2026-09-18 11:15:00,,,2026-09-18 21:18:46.307234,2026-09-18 21:18:30.520253,10:03:46,2026-09-18
2026-09-04 18:44:00,,,2026-09-04 21:40:00.000000,2026-09-04 21:27:32.395322,02:56:00,2026-09-04
2026-09-04 18:20:00,,,2026-09-04 18:23:00.000000,,00:03:00,2026-09-04
2026-09-08 19:32:00,,,2026-09-08 22:13:33.678389,2026-09-08 22:12:42.823681,02:41:33,2026-09-08
2026-09-09 10:28:00,,,2026-09-09 11:08:00.000000,,00:40:00,2026-09-09
2026-09-21 18:16:00,,,2026-09-21 22:15:29.595092,2026-09-21 22:08:53.069179,03:59:29,2026-09-21
2026-09-22 18:52:00,,,2026-09-22 22:46:42.761424,2026-09-22 22:35:53.322041,03:54:42,2026-09-22
2026-10-02 12:13:00,,,2026-10-02 12:52:50.888906,2026-10-02 12:51:07.669368,00:39:50,2026-10-02
2026-09-23 10:47:00,,,2026-09-23 11:35:30.245495,2026-09-23 11:32:11.597035,00:48:30,2026-09-23
2026-09-23 19:23:00,,,2026-09-23 23:53:03.395472,2026-09-23 23:43:50.282379,04:30:03,2026-09-23
2026-09-24 11:04:00,,,2026-09-24 12:05:00.000000,2026-09-24 19:46:56.978095,01:01:00,2026-09-24
2026-10-02 19:00:00,,,2026-10-05 19:20:00.000000,2026-10-02 20:37:54.125321,00:20:00,2026-10-02
2026-09-24 19:36:00,,,2026-09-24 23:55:46.279090,2026-09-24 23:42:22.959180,04:19:46,2026-09-24
2026-09-25 11:00:00,,,2026-09-25 11:54:14.999786,2026-09-25 11:53:32.209124,00:54:14,2026-09-25
2026-10-05 19:20:00,,,2026-10-05 22:14:15.069381,2026-10-05 22:13:05.529185,02:54:15,2026-10-05
2026-10-06 18:42:00,,,2026-10-06 21:28:55.661420,2026-10-06 21:28:19.053549,02:46:55,2026-10-06
2026-10-07 11:40:00,,,2026-10-07 13:05:00.000000,2026-10-07 13:03:40.125777,01:25:00,2026-10-07
2026-10-07 19:13:00,,,2026-10-07 20:00:00.000000,2026-10-07 23:08:40.358379,00:47:00,2026-10-07
2026-10-07 11:24:00,,,2026-10-07 13:00:00.000000,,01:36:00,2026-10-07
2026-10-08 11:26:00,,,2026-10-08 13:00:00.000000,2026-10-08 19:02:00.295194,01:34:00,2026-10-08
2026-10-08 19:17:00,,,,2026-10-08 23:25:36.632659,,2026-10-08
